{"cameraMode":{"drawMode":0,"name":"Shaded","section":"Shading Mode"},"sceneLighting":true,"audioPlay":false,"sceneViewState":{"showFog":true,"showMaterialUpdate":false,"showSkybox":true,"showFlares":true,"showImageEffects":true,"showParticleSystems":true},"in2DMode":false,"pivot":{"x":-0.2560372054576874,"y":-0.5321364402770996,"z":0.7275910377502441},"rotation":{"x":-0.3496454358100891,"y":0.02305309846997261,"z":-0.008598187007009983,"w":-0.9365589618682861},"size":14.794590950012207,"orthographic":false}